ConfigID,avg_f1,n_images,target,combo_index
1,0.58125,1440,manbo,0
2,0.8603006944444445,1440,manbo,0
3,0.5068284722222223,1440,manbo,0
4,0.9994215277777777,1440,manbo,0
5,0.6976847222222222,1440,manbo,0
6,0.7997680555555555,1440,manbo,0
7,0.9994215277777777,1440,manbo,1
8,0.4865736111111111,1440,manbo,1
9,0.36921319444444445,1440,manbo,1
10,0.4140048611111111,1440,manbo,1
11,0.2931715277777778,1440,manbo,1
12,0.6167826388888888,1440,manbo,1
13,0.24699027777777782,1440,manbo,2
14,0.4682868055555555,1440,manbo,2
15,0.9994215277777777,1440,manbo,2
16,0.9995368055555556,1440,manbo,2
17,0.40208333333333335,1440,manbo,2
18,0.6069444444444444,1440,manbo,2
19,0.9991895833333334,1440,manbo,3
20,0.5488423611111111,1440,manbo,3
21,0.33969930555555555,1440,manbo,3
22,0.00046319444444444446,1440,manbo,3
23,0.36736111111111114,1440,manbo,3
24,0.8585645833333334,1440,manbo,3
25,0.4111111111111111,1440,manbo,4
26,0.7534722222222222,1440,manbo,4
27,0.6076388888888888,1440,manbo,4
28,0.4027777777777778,1440,manbo,4
29,0.7715277777777778,1440,manbo,4
30,0.41238402777777783,1440,manbo,4
31,0.9990736111111113,1440,manbo,5
32,0.4921291666666666,1440,manbo,5
33,0.4762729166666667,1440,manbo,5
34,0.6583333333333333,1440,manbo,5
35,0.7534722222222222,1440,manbo,5
36,0.5942131944444444,1440,manbo,5
37,0.9995368055555556,1440,manbo,6
38,0.9995375000000001,1440,manbo,6
39,0.9993055555555556,1440,manbo,6
40,0.05439861111111111,1440,manbo,6
41,0.4949076388888889,1440,manbo,6
42,0.0006944444444444445,1440,manbo,6
43,0.9622687499999999,1440,manbo,7
44,0.40868055555555555,1440,manbo,7
45,0.66875,1440,manbo,7
46,0.43032361111111106,1440,manbo,7
47,0.70289375,1440,manbo,7
48,0.44398125,1440,manbo,7
49,0.7652777777777777,1440,manbo,8
50,0.9994215277777777,1440,manbo,8
51,0.54398125,1440,manbo,8
52,0.44722222222222224,1440,manbo,8
53,0.5618055555555556,1440,manbo,8
54,0.9252312500000001,1440,manbo,8
55,0.6417826388888889,1440,manbo,9
56,0.4900465277777778,1440,manbo,9
57,0.41539375,1440,manbo,9
58,0.00046319444444444446,1440,manbo,9
59,0.5729166666666666,1440,manbo,9
60,0.00023125,1440,manbo,9
61,0.5836805555555555,1440,manbo,10
62,0.9991895833333334,1440,manbo,10
63,0.99976875,1440,manbo,10
64,0.11377291666666667,1440,manbo,10
65,0.0009263888888888889,1440,manbo,10
66,0.5045138888888889,1440,manbo,10
67,0.0006944444444444445,1440,manbo,11
68,0.1423611111111111,1440,manbo,11
69,0.9991895833333334,1440,manbo,11
70,0.9993055555555556,1440,manbo,11
71,0.9991895833333334,1440,manbo,11
72,0.7194444444444444,1440,manbo,11
73,0.5575229166666666,1440,manbo,12
74,0.35196736111111115,1440,manbo,12
75,0.0006944444444444445,1440,manbo,12
76,0.0004625,1440,manbo,12
77,0.4599534722222222,1440,manbo,12
78,0.40439791666666663,1440,manbo,12
79,0.4017361111111111,1440,manbo,13
80,0.57476875,1440,manbo,13
81,0.770370138888889,1440,manbo,13
82,0.8094909722222222,1440,manbo,13
83,0.18240694444444447,1440,manbo,13
84,0.00023125,1440,manbo,13
85,0.4452548611111111,1440,manbo,14
86,0.7980319444444446,1440,manbo,14
87,0.44664375,1440,manbo,14
88,0.14930555555555555,1440,manbo,14
89,0.9995368055555556,1440,manbo,14
90,0.03634305555555556,1440,manbo,14
91,0.59375,1440,manbo,15
92,0.6151618055555556,1440,manbo,15
93,0.9994215277777777,1440,manbo,15
94,0.9994215277777777,1440,manbo,15
95,0.6924770833333334,1440,manbo,15
96,0.0004625,1440,manbo,15
97,0.39375,1440,manbo,16
98,0.9996527777777777,1440,manbo,16
99,0.9993055555555556,1440,manbo,16
100,0.1379625,1440,manbo,16
101,0.48622708333333337,1440,manbo,16
102,0.8305555555555556,1440,manbo,16
103,0.16111111111111112,1440,manbo,17
104,0.6902777777777778,1440,manbo,17
105,0.9991895833333334,1440,manbo,17
106,0.9995374999999999,1440,manbo,17
107,0.9993055555555556,1440,manbo,17
108,0.3655090277777778,1440,manbo,17
109,0.6355319444444444,1440,manbo,18
110,0.60601875,1440,manbo,18
111,0.42141180555555563,1440,manbo,18
112,0.4383104166666667,1440,manbo,18
113,0.5836805555555555,1440,manbo,18
114,0.44328680555555555,1440,manbo,18
115,0.5105326388888888,1440,manbo,19
116,0.6366902777777779,1440,manbo,19
117,0.50625,1440,manbo,19
118,0.4111111111111111,1440,manbo,19
119,0.4184027777777778,1440,manbo,19
120,0.17719930555555555,1440,manbo,19
121,0.41863402777777775,1440,manbo,20
122,0.9996527777777777,1440,manbo,20
123,0.6575236111111111,1440,manbo,20
124,0.6116895833333333,1440,manbo,20
125,0.9990736111111113,1440,manbo,20
126,0.3,1440,manbo,20
127,0.14050902777777777,1440,manbo,21
128,0.99976875,1440,manbo,21
129,0.9993055555555556,1440,manbo,21
130,0.9344909722222222,1440,manbo,21
131,0.5998840277777777,1440,manbo,21
132,0.7939819444444444,1440,manbo,21
133,0.002777777777777778,1440,manbo,22
134,0.5917826388888889,1440,manbo,22
135,0.99976875,1440,manbo,22
136,0.08761597222222223,1440,manbo,22
137,0.55625,1440,manbo,22
138,0.7207173611111112,1440,manbo,22
139,0.27789375,1440,manbo,23
140,0.47337986111111113,1440,manbo,23
141,0.5255784722222222,1440,manbo,23
142,0.99976875,1440,manbo,23
143,0.9994215277777777,1440,manbo,23
144,0.13784722222222223,1440,manbo,23
145,0.20300902777777777,1440,manbo,24
146,0.99976875,1440,manbo,24
147,0.9991895833333334,1440,manbo,24
148,0.9991895833333334,1440,manbo,24
149,0.9995368055555556,1440,manbo,24
150,0.66273125,1440,manbo,24
151,0.23067152777777775,1440,manbo,25
152,0.09490694444444445,1440,manbo,25
153,0.4840277777777778,1440,manbo,25
154,0.9993055555555556,1440,manbo,25
155,0.9995368055555556,1440,manbo,25
156,0.6178236111111111,1440,manbo,25
157,0.5123840277777778,1440,manbo,26
158,0.04293958333333333,1440,manbo,26
159,0.37222222222222223,1440,manbo,26
160,0.9995374999999999,1440,manbo,26
161,0.9994215277777777,1440,manbo,26
162,0.9991895833333334,1440,manbo,26
163,0.34178263888888893,1440,manbo,27
164,0.5663194444444445,1440,manbo,27
165,0.8375,1440,manbo,27
166,0.4954861111111111,1440,manbo,27
167,0.0008104166666666666,1440,manbo,27
168,0.21944444444444444,1440,manbo,27
169,0.99976875,1440,manbo,28
170,0.36435138888888885,1440,manbo,28
171,0.42337986111111103,1440,manbo,28
172,0.6590277777777779,1440,manbo,28
173,0.6284722222222222,1440,manbo,28
174,0.7844902777777777,1440,manbo,28
175,0.44756944444444446,1440,manbo,29
176,0.35752291666666663,1440,manbo,29
177,0.8153937499999999,1440,manbo,29
178,0.27766180555555553,1440,manbo,29
179,0.48622708333333325,1440,manbo,29
180,0.6618055555555555,1440,manbo,29
181,0.21504583333333338,1440,manbo,30
182,0.41435208333333334,1440,manbo,30
183,0.9995368055555556,1440,manbo,30
184,0.35555555555555557,1440,manbo,30
185,0.4392361111111111,1440,manbo,30
186,0.3729166666666667,1440,manbo,30
187,0.3884263888888889,1440,manbo,31
188,0.7798611111111111,1440,manbo,31
189,0.5601854166666667,1440,manbo,31
190,0.3436340277777778,1440,manbo,31
191,0.0006944444444444445,1440,manbo,31
192,0.0006944444444444445,1440,manbo,31
193,0.59664375,1440,manbo,32
194,0.9995368055555556,1440,manbo,32
195,0.38182847222222227,1440,manbo,32
196,0.9990736111111113,1440,manbo,32
197,0.3601854166666667,1440,manbo,32
198,0.43645833333333334,1440,manbo,32
199,0.16886597222222222,1440,manbo,33
200,0.3373840277777778,1440,manbo,33
201,0.4996527777777778,1440,manbo,33
202,0.5972222222222222,1440,manbo,33
203,0.5930555555555557,1440,manbo,33
204,0.0006944444444444445,1440,manbo,33
205,0.0006944444444444445,1440,manbo,34
206,0.4023145833333333,1440,manbo,34
207,0.2662034722222222,1440,manbo,34
208,0.9229166666666667,1440,manbo,34
209,0.3672451388888889,1440,manbo,34
210,0.8716437499999999,1440,manbo,34
211,0.9993055555555556,1440,manbo,35
212,0.44988402777777775,1440,manbo,35
213,0.9991895833333334,1440,manbo,35
214,0.46747708333333327,1440,manbo,35
215,0.5398152777777777,1440,manbo,35
216,0.9996527777777777,1440,manbo,35
217,0.6287041666666666,1440,manbo,36
218,0.7914354166666666,1440,manbo,36
219,0.5399305555555556,1440,manbo,36
220,0.24085624999999997,1440,manbo,36
221,0.6583333333333333,1440,manbo,36
222,0.5368055555555555,1440,manbo,36
223,0.7541666666666667,1440,manbo,37
224,0.9993055555555556,1440,manbo,37
225,0.6620375000000001,1440,manbo,37
226,0.41354166666666664,1440,manbo,37
227,0.5474541666666667,1440,manbo,37
228,0.0005784722222222222,1440,manbo,37
229,0.5474534722222222,1440,manbo,38
230,0.06736111111111111,1440,manbo,38
231,0.4215277777777778,1440,manbo,38
232,0.9995374999999999,1440,manbo,38
233,0.7957173611111111,1440,manbo,38
234,0.7269673611111112,1440,manbo,38
235,0.4895833333333333,1440,manbo,39
236,0.46226875,1440,manbo,39
237,0.4462958333333334,1440,manbo,39
238,0.7951388888888888,1440,manbo,39
239,0.35127291666666666,1440,manbo,39
240,0.04282361111111111,1440,manbo,39
241,0.99976875,1440,manbo,40
242,0.6215277777777778,1440,manbo,40
243,0.7967590277777779,1440,manbo,40
244,0.06747708333333334,1440,manbo,40
245,0.9696763888888887,1440,manbo,40
246,0.00023125,1440,manbo,40
247,0.8525465277777777,1440,manbo,41
248,0.9995368055555556,1440,manbo,41
249,0.9995375000000001,1440,manbo,41
250,0.49328680555555554,1440,manbo,41
251,0.5688659722222222,1440,manbo,41
252,0.7561340277777778,1440,manbo,41
253,0.5549770833333334,1440,manbo,42
254,0.0004625,1440,manbo,42
255,0.3601854166666667,1440,manbo,42
256,0.0005784722222222222,1440,manbo,42
257,0.34074027777777777,1440,manbo,42
258,0.6018520833333334,1440,manbo,42
259,0.9988423611111111,1440,manbo,43
260,0.4329861111111111,1440,manbo,43
261,0.5649305555555556,1440,manbo,43
262,0.47060208333333337,1440,manbo,43
263,0.42083333333333334,1440,manbo,43
264,0.6153937500000001,1440,manbo,43
265,0.28541666666666665,1440,manbo,44
266,0.15208333333333332,1440,manbo,44
267,0.4313659722222222,1440,manbo,44
268,0.5432868055555555,1440,manbo,44
269,0.7660881944444444,1440,manbo,44
270,0.3828701388888889,1440,manbo,44
271,0.7505784722222223,1440,manbo,45
272,0.95289375,1440,manbo,45
273,0.5243055555555556,1440,manbo,45
274,0.8997687499999999,1440,manbo,45
275,0.1417826388888889,1440,manbo,45
276,0.42256944444444444,1440,manbo,45
277,0.49247638888888884,1440,manbo,46
278,0.6548611111111111,1440,manbo,46
279,0.5701388888888889,1440,manbo,46
280,0.4587965277777778,1440,manbo,46
281,0.6643513888888889,1440,manbo,46
282,0.0006944444444444445,1440,manbo,46
283,0.9101847222222221,1440,manbo,47
284,0.14606527777777778,1440,manbo,47
285,0.6256944444444444,1440,manbo,47
286,0.6336805555555556,1440,manbo,47
287,0.1105326388888889,1440,manbo,47
288,0.5023145833333333,1440,manbo,47
289,0.8530090277777779,1440,manbo,48
290,0.5711805555555556,1440,manbo,48
291,0.6099541666666667,1440,manbo,48
292,0.5449076388888889,1440,manbo,48
293,0.20717569444444442,1440,manbo,48
294,0.4518520833333334,1440,manbo,48
295,0.46886597222222226,1440,manbo,49
296,0.07141180555555555,1440,manbo,49
297,0.9995368055555556,1440,manbo,49
298,0.45810138888888885,1440,manbo,49
299,0.9993055555555556,1440,manbo,49
300,0.5861111111111111,1440,manbo,49
301,0.40555555555555556,1440,manbo,50
302,0.4755791666666667,1440,manbo,50
303,0.5719909722222223,1440,manbo,50
304,0.5111111111111111,1440,manbo,50
305,0.5688659722222222,1440,manbo,50
306,0.5994208333333333,1440,manbo,50
307,0.9131944444444444,1440,manbo,51
308,0.5567131944444444,1440,manbo,51
309,0.26122708333333333,1440,manbo,51
310,0.49930555555555556,1440,manbo,51
311,0.6645833333333333,1440,manbo,51
312,0.0006944444444444445,1440,manbo,51
313,0.3568284722222222,1440,manbo,52
314,0.08298611111111111,1440,manbo,52
315,0.5321756944444445,1440,manbo,52
316,0.5267361111111111,1440,manbo,52
317,0.6446756944444444,1440,manbo,52
318,0.7638888888888888,1440,manbo,52
319,0.34375,1440,manbo,53
320,0.0008104166666666666,1440,manbo,53
321,0.49814791666666663,1440,manbo,53
322,0.8236111111111111,1440,manbo,53
323,0.7993055555555556,1440,manbo,53
324,0.5932868055555556,1440,manbo,53
325,0.9993055555555556,1440,manbo,54
326,0.7356479166666667,1440,manbo,54
327,0.4240736111111111,1440,manbo,54
328,0.4025465277777778,1440,manbo,54
329,0.22719930555555554,1440,manbo,54
330,0.0008104166666666666,1440,manbo,54
331,0.008449305555555555,1440,manbo,55
332,0.33969930555555555,1440,manbo,55
333,0.8305555555555556,1440,manbo,55
334,0.5475694444444444,1440,manbo,55
335,0.5131944444444444,1440,manbo,55
336,0.6620375000000001,1440,manbo,55
337,0.4853006944444444,1440,manbo,56
338,0.00046319444444444446,1440,manbo,56
339,0.0008104166666666666,1440,manbo,56
340,0.7342597222222222,1440,manbo,56
341,0.36574097222222224,1440,manbo,56
342,0.415625,1440,manbo,56
343,0.3875,1440,manbo,57
344,0.1527777777777778,1440,manbo,57
345,1.0,1440,manbo,57
346,0.9993055555555556,1440,manbo,57
347,0.6311340277777777,1440,manbo,57
348,0.6638888888888889,1440,manbo,57
349,0.3303243055555556,1440,manbo,58
350,0.47847222222222224,1440,manbo,58
351,0.5020833333333333,1440,manbo,58
352,0.4151618055555556,1440,manbo,58
353,0.4290506944444445,1440,manbo,58
354,0.40046249999999994,1440,manbo,58
355,0.13541666666666666,1440,manbo,59
356,0.3526618055555556,1440,manbo,59
357,0.5078701388888889,1440,manbo,59
358,0.05601805555555555,1440,manbo,59
359,0.3597222222222222,1440,manbo,59
360,0.6601854166666666,1440,manbo,59
361,0.6292826388888889,1440,manbo,60
362,0.5133097222222222,1440,manbo,60
363,0.9996527777777777,1440,manbo,60
364,0.0942125,1440,manbo,60
365,0.9400465277777778,1440,manbo,60
366,0.9990736111111113,1440,manbo,60
367,0.5797451388888889,1440,manbo,61
368,0.66585625,1440,manbo,61
369,0.998726388888889,1440,manbo,61
370,0.4204861111111111,1440,manbo,61
371,0.9487270833333332,1440,manbo,61
372,0.5612270833333334,1440,manbo,61
373,0.9994215277777777,1440,manbo,62
374,0.9994215277777777,1440,manbo,62
375,0.6696756944444444,1440,manbo,62
376,0.5125,1440,manbo,62
377,0.3515048611111111,1440,manbo,62
378,0.56875,1440,manbo,62
379,0.9994215277777777,1440,manbo,63
380,0.4523152777777778,1440,manbo,63
381,0.0005784722222222222,1440,manbo,63
382,0.6929395833333333,1440,manbo,63
383,0.99976875,1440,manbo,63
384,0.48414305555555553,1440,manbo,63
385,1.0,1440,manbo,64
386,0.9991895833333334,1440,manbo,64
387,0.3504625,1440,manbo,64
388,0.34456041666666665,1440,manbo,64
389,0.36724513888888893,1440,manbo,64
390,0.9991895833333334,1440,manbo,64
391,0.99976875,1440,manbo,65
392,0.9991895833333334,1440,manbo,65
393,0.7790506944444445,1440,manbo,65
394,0.6159722222222223,1440,manbo,65
395,0.00046319444444444446,1440,manbo,65
396,0.9535881944444444,1440,manbo,65
397,0.4909722222222222,1440,manbo,66
398,0.4666666666666667,1440,manbo,66
399,0.9991895833333334,1440,manbo,66
400,0.99976875,1440,manbo,66
401,0.8694444444444445,1440,manbo,66
402,0.0006944444444444445,1440,manbo,66
403,0.49085625,1440,manbo,67
404,1.0,1440,manbo,67
405,0.40474583333333336,1440,manbo,67
406,0.27002291666666667,1440,manbo,67
407,0.5381944444444444,1440,manbo,67
408,0.4509256944444444,1440,manbo,67
409,0.27557847222222226,1440,manbo,68
410,0.6543986111111112,1440,manbo,68
411,0.05775486111111111,1440,manbo,68
412,0.44479166666666664,1440,manbo,68
413,0.0,1440,manbo,68
414,0.0004625,1440,manbo,68
415,0.4613430555555556,1440,manbo,69
416,0.82210625,1440,manbo,69
417,0.5050923611111111,1440,manbo,69
418,0.39861111111111114,1440,manbo,69
419,0.18935138888888892,1440,manbo,69
420,0.2835645833333333,1440,manbo,69
421,0.8590277777777777,1440,manbo,70
422,0.31574097222222225,1440,manbo,70
423,0.9993055555555556,1440,manbo,70
424,0.35138888888888886,1440,manbo,70
425,0.40439791666666663,1440,manbo,70
426,0.00046319444444444446,1440,manbo,70
427,0.45335624999999996,1440,manbo,71
428,0.2722222222222222,1440,manbo,71
429,0.28032361111111115,1440,manbo,71
430,0.6157402777777777,1440,manbo,71
431,0.9996527777777777,1440,manbo,71
432,0.43171319444444445,1440,manbo,71
433,0.4329861111111111,1440,manbo,72
434,0.5965277777777778,1440,manbo,72
435,0.00034722222222222224,1440,manbo,72
436,0.09768541666666666,1440,manbo,72
437,0.9996527777777777,1440,manbo,72
438,0.5575229166666668,1440,manbo,72
439,0.8464118055555556,1440,manbo,73
440,0.20717569444444442,1440,manbo,73
441,0.35775486111111116,1440,manbo,73
442,0.24513888888888888,1440,manbo,73
443,0.9994215277777777,1440,manbo,73
444,0.46099513888888893,1440,manbo,73
445,0.5787041666666666,1440,manbo,74
446,0.22627291666666668,1440,manbo,74
447,0.960879861111111,1440,manbo,74
448,0.8895833333333333,1440,manbo,74
449,0.013194444444444444,1440,manbo,74
450,0.95625,1440,manbo,74
451,0.5979166666666667,1440,manbo,75
452,0.7996527777777778,1440,manbo,75
453,0.4222222222222222,1440,manbo,75
454,0.7833333333333333,1440,manbo,75
455,0.5873847222222222,1440,manbo,75
456,0.8456020833333333,1440,manbo,75
457,0.7643513888888889,1440,manbo,76
458,0.159375,1440,manbo,76
459,0.5424770833333333,1440,manbo,76
460,0.27118055555555554,1440,manbo,76
461,0.5680555555555555,1440,manbo,76
462,0.9347222222222222,1440,manbo,76
463,0.00023125,1440,manbo,77
464,0.5436340277777778,1440,manbo,77
465,0.47939791666666665,1440,manbo,77
466,0.9995374999999999,1440,manbo,77
467,0.23414374999999998,1440,manbo,77
468,0.0006944444444444445,1440,manbo,77
469,0.48055555555555557,1440,manbo,78
470,0.41087986111111113,1440,manbo,78
471,0.3759256944444444,1440,manbo,78
472,0.9,1440,manbo,78
473,0.6506944444444445,1440,manbo,78
474,0.9993055555555556,1440,manbo,78
475,0.6510416666666666,1440,manbo,79
476,0.38125,1440,manbo,79
477,0.4009256944444444,1440,manbo,79
478,0.18171250000000003,1440,manbo,79
479,0.7708333333333334,1440,manbo,79
480,0.9995374999999999,1440,manbo,79
481,0.8972222222222223,1440,manbo,80
482,0.17083333333333334,1440,manbo,80
483,0.9995375000000001,1440,manbo,80
484,0.13252291666666666,1440,manbo,80
485,0.00034722222222222224,1440,manbo,80
486,0.5986111111111111,1440,manbo,80
487,0.0006944444444444445,1440,manbo,81
488,0.05277777777777778,1440,manbo,81
489,0.9995374999999999,1440,manbo,81
490,0.47141250000000007,1440,manbo,81
491,0.6760416666666667,1440,manbo,81
492,0.5685180555555556,1440,manbo,81
493,0.6094902777777778,1440,manbo,82
494,0.8546291666666668,1440,manbo,82
495,0.30416666666666664,1440,manbo,82
496,0.5042826388888888,1440,manbo,82
497,0.9994215277777777,1440,manbo,82
498,0.3793986111111112,1440,manbo,82
499,0.07951388888888888,1440,manbo,83
500,0.3248840277777778,1440,manbo,83
501,0.42835625,1440,manbo,83
502,0.10428263888888889,1440,manbo,83
503,0.30972222222222223,1440,manbo,83
504,0.85335625,1440,manbo,83
505,0.9995368055555556,1440,manbo,84
506,0.5581020833333333,1440,manbo,84
507,0.00034722222222222224,1440,manbo,84
508,0.0006944444444444445,1440,manbo,84
509,0.0006944444444444445,1440,manbo,84
510,0.8731479166666667,1440,manbo,84
511,0.9991895833333334,1440,manbo,85
512,0.9994215277777777,1440,manbo,85
513,0.7644673611111111,1440,manbo,85
514,0.14351875,1440,manbo,85
515,0.9076388888888889,1440,manbo,85
516,0.4847222222222222,1440,manbo,85
517,0.3659722222222222,1440,manbo,86
518,0.06851875,1440,manbo,86
519,0.4431715277777778,1440,manbo,86
520,0.00034722222222222224,1440,manbo,86
521,0.4678243055555556,1440,manbo,86
522,0.9991902777777777,1440,manbo,86
523,0.5809027777777778,1440,manbo,87
524,0.8769673611111112,1440,manbo,87
525,0.23576388888888888,1440,manbo,87
526,0.5018520833333333,1440,manbo,87
527,0.46203750000000005,1440,manbo,87
528,0.5752319444444445,1440,manbo,87
529,0.46875,1440,manbo,88
530,0.5592590277777778,1440,manbo,88
531,0.0005784722222222222,1440,manbo,88
532,0.37060208333333333,1440,manbo,88
533,0.9708333333333333,1440,manbo,88
534,0.047800694444444444,1440,manbo,88
535,1.0,1440,manbo,89
536,0.5026618055555555,1440,manbo,89
537,0.8511576388888888,1440,manbo,89
538,0.2537041666666667,1440,manbo,89
539,0.9991895833333334,1440,manbo,89
540,0.49606527777777776,1440,manbo,89
541,0.34270833333333334,1440,manbo,90
542,0.1412034722222222,1440,manbo,90
543,0.9991895833333334,1440,manbo,90
544,0.48564861111111113,1440,manbo,90
545,0.9991895833333334,1440,manbo,90
546,0.33553263888888885,1440,manbo,90
547,0.6833333333333332,1440,manbo,91
548,0.00046319444444444446,1440,manbo,91
549,0.6863430555555556,1440,manbo,91
550,0.9991895833333334,1440,manbo,91
551,0.35694444444444445,1440,manbo,91
552,0.3981479166666667,1440,manbo,91
553,0.52476875,1440,manbo,92
554,0.5414354166666667,1440,manbo,92
555,0.5881944444444445,1440,manbo,92
556,0.7583333333333333,1440,manbo,92
557,0.20706041666666664,1440,manbo,92
558,0.4769673611111111,1440,manbo,92
559,0.00023125,1440,manbo,93
560,0.0010416666666666667,1440,manbo,93
561,0.3983798611111111,1440,manbo,93
562,0.5763888888888888,1440,manbo,93
563,0.00034722222222222224,1440,manbo,93
564,0.5039347222222221,1440,manbo,93
565,0.8975694444444444,1440,manbo,94
566,0.9995368055555556,1440,manbo,94
567,0.9995374999999999,1440,manbo,94
568,0.646875,1440,manbo,94
569,0.5270833333333333,1440,manbo,94
570,0.7138888888888889,1440,manbo,94
571,0.31006944444444445,1440,manbo,95
572,0.729398611111111,1440,manbo,95
573,0.8998847222222222,1440,manbo,95
574,0.5054395833333333,1440,manbo,95
575,0.99976875,1440,manbo,95
576,0.6143520833333334,1440,manbo,95
577,0.2800930555555555,1440,manbo,96
578,0.0009263888888888889,1440,manbo,96
579,0.938426388888889,1440,manbo,96
580,0.9991895833333334,1440,manbo,96
581,0.7916666666666666,1440,manbo,96
582,0.0009263888888888889,1440,manbo,96
583,0.6540506944444444,1440,manbo,97
584,0.09629583333333333,1440,manbo,97
585,0.43125,1440,manbo,97
586,0.00034722222222222224,1440,manbo,97
587,0.9113423611111112,1440,manbo,97
588,0.5171298611111111,1440,manbo,97
589,0.00046319444444444446,1440,manbo,98
590,0.3644673611111111,1440,manbo,98
591,0.9990736111111113,1440,manbo,98
592,0.7798611111111111,1440,manbo,98
593,0.3819444444444444,1440,manbo,98
594,0.5793979166666666,1440,manbo,98
595,0.050347222222222224,1440,manbo,99
596,0.8603006944444445,1440,manbo,99
597,0.99930625,1440,manbo,99
598,0.9996527777777777,1440,manbo,99
599,0.4947916666666667,1440,manbo,99
600,0.9777777777777777,1440,manbo,99
601,0.4193284722222222,1440,manbo,100
602,0.6144673611111111,1440,manbo,100
603,0.37002291666666665,1440,manbo,100
604,0.4738423611111111,1440,manbo,100
605,0.6760416666666667,1440,manbo,100
606,0.4173611111111111,1440,manbo,100
607,0.9991895833333334,1440,manbo,101
608,0.3504631944444444,1440,manbo,101
609,0.9910881944444444,1440,manbo,101
610,0.9993055555555556,1440,manbo,101
611,0.6652777777777777,1440,manbo,101
612,0.0006944444444444445,1440,manbo,101
613,0.40439861111111114,1440,manbo,102
614,0.6020833333333333,1440,manbo,102
615,0.5270833333333333,1440,manbo,102
616,0.20011597222222224,1440,manbo,102
617,0.9993055555555556,1440,manbo,102
618,0.13807847222222222,1440,manbo,102
619,0.0005784722222222222,1440,manbo,103
620,0.8416666666666667,1440,manbo,103
621,0.661573611111111,1440,manbo,103
622,1.0,1440,manbo,103
623,0.48634305555555557,1440,manbo,103
624,0.11875,1440,manbo,103
625,0.0008104166666666666,1440,manbo,104
626,0.6119215277777778,1440,manbo,104
627,0.24270833333333333,1440,manbo,104
628,0.9994215277777777,1440,manbo,104
629,0.9996527777777777,1440,manbo,104
630,0.5129631944444445,1440,manbo,104
631,0.5829861111111111,1440,manbo,105
632,0.715625,1440,manbo,105
633,0.11898194444444445,1440,manbo,105
634,0.4329861111111111,1440,manbo,105
635,0.9033562500000001,1440,manbo,105
636,0.6429395833333333,1440,manbo,105
637,0.3818284722222222,1440,manbo,106
638,0.9993055555555556,1440,manbo,106
639,0.4401618055555555,1440,manbo,106
640,0.7129631944444443,1440,manbo,106
641,0.42546319444444447,1440,manbo,106
642,0.3991895833333333,1440,manbo,106
643,0.11817152777777779,1440,manbo,107
644,0.9990736111111113,1440,manbo,107
645,0.9993055555555556,1440,manbo,107
646,0.5618055555555556,1440,manbo,107
647,0.5481486111111111,1440,manbo,107
648,0.3318284722222222,1440,manbo,107
649,0.0009263888888888889,1440,manbo,108
650,0.41041666666666665,1440,manbo,108
651,0.3792826388888889,1440,manbo,108
652,0.6292826388888889,1440,manbo,108
653,0.4292826388888889,1440,manbo,108
654,0.5831013888888888,1440,manbo,108
655,0.9996527777777777,1440,manbo,109
656,0.6165506944444444,1440,manbo,109
657,0.8015048611111111,1440,manbo,109
658,0.9994215277777777,1440,manbo,109
659,0.7535881944444444,1440,manbo,109
660,0.2509263888888889,1440,manbo,109
661,0.3188659722222222,1440,manbo,110
662,0.08333333333333333,1440,manbo,110
663,0.3871527777777778,1440,manbo,110
664,0.98414375,1440,manbo,110
665,0.601967361111111,1440,manbo,110
666,0.9995374999999999,1440,manbo,110
667,0.9995374999999999,1440,manbo,111
668,0.42199097222222226,1440,manbo,111
669,0.5599541666666668,1440,manbo,111
670,0.7880784722222223,1440,manbo,111
671,0.6081013888888889,1440,manbo,111
672,0.9994215277777777,1440,manbo,111
673,0.5319444444444444,1440,manbo,112
674,0.9995368055555556,1440,manbo,112
675,0.9994215277777777,1440,manbo,112
676,0.865625,1440,manbo,112
677,0.00034722222222222224,1440,manbo,112
678,0.18414375000000002,1440,manbo,112
679,0.5527777777777778,1440,manbo,113
680,0.9995374999999999,1440,manbo,113
681,0.9994215277777777,1440,manbo,113
682,0.9996527777777777,1440,manbo,113
683,0.5078708333333334,1440,manbo,113
684,0.00046319444444444446,1440,manbo,113
685,0.28287013888888884,1440,manbo,114
686,0.9991895833333334,1440,manbo,114
687,0.45694444444444443,1440,manbo,114
688,0.40069444444444446,1440,manbo,114
689,0.7822916666666667,1440,manbo,114
690,0.54375,1440,manbo,114
691,0.6510416666666666,1440,manbo,115
692,0.5959493055555556,1440,manbo,115
693,0.5583333333333333,1440,manbo,115
694,0.5134263888888889,1440,manbo,115
695,0.9993055555555556,1440,manbo,115
696,0.49027777777777776,1440,manbo,115
697,0.9994215277777777,1440,manbo,116
698,0.9990736111111113,1440,manbo,116
699,0.9995374999999999,1440,manbo,116
700,0.22372708333333333,1440,manbo,116
701,0.46712986111111116,1440,manbo,116
702,0.4872680555555555,1440,manbo,116
703,0.17847222222222223,1440,manbo,117
704,0.9993055555555556,1440,manbo,117
705,0.8416666666666667,1440,manbo,117
706,0.782754861111111,1440,manbo,117
707,0.99976875,1440,manbo,117
708,0.5011576388888889,1440,manbo,117
709,0.6599534722222222,1440,manbo,118
710,0.9547451388888889,1440,manbo,118
711,0.4674770833333334,1440,manbo,118
712,0.3056715277777778,1440,manbo,118
713,0.6313659722222222,1440,manbo,118
714,0.6392361111111111,1440,manbo,118
715,0.5795138888888889,1440,manbo,119
716,0.99039375,1440,manbo,119
717,0.3582173611111112,1440,manbo,119
718,0.35497708333333333,1440,manbo,119
719,0.9996527777777777,1440,manbo,119
720,0.5035881944444445,1440,manbo,119
721,0.5737270833333333,1440,manbo,120
722,0.5929395833333333,1440,manbo,120
723,0.5745375,1440,manbo,120
724,0.3659722222222222,1440,manbo,120
725,0.37835625,1440,manbo,120
726,0.0006944444444444445,1440,manbo,120
727,0.6277777777777778,1440,manbo,121
728,0.5561340277777779,1440,manbo,121
729,0.7824069444444446,1440,manbo,121
730,0.2241895833333333,1440,manbo,121
731,0.6699076388888889,1440,manbo,121
732,0.6891208333333334,1440,manbo,121
733,0.4701388888888889,1440,manbo,122
734,0.5895833333333333,1440,manbo,122
735,0.9995368055555556,1440,manbo,122
736,0.6337958333333333,1440,manbo,122
737,0.6118055555555556,1440,manbo,122
738,0.46342638888888893,1440,manbo,122
739,0.5505784722222222,1440,manbo,123
740,0.21064791666666668,1440,manbo,123
741,0.5755784722222222,1440,manbo,123
742,0.3675923611111111,1440,manbo,123
743,0.9995368055555556,1440,manbo,123
744,0.9994215277777777,1440,manbo,123
745,0.4125,1440,manbo,124
746,0.3736111111111111,1440,manbo,124
747,0.5043979166666667,1440,manbo,124
748,0.9012729166666668,1440,manbo,124
749,0.2630784722222222,1440,manbo,124
750,0.24305555555555555,1440,manbo,124
751,0.64375,1440,manbo,125
752,0.0008104166666666666,1440,manbo,125
753,0.36956041666666667,1440,manbo,125
754,0.7770833333333333,1440,manbo,125
755,0.9995375000000001,1440,manbo,125
756,0.5657409722222222,1440,manbo,125
757,0.9995368055555556,1440,manbo,126
758,0.9993055555555556,1440,manbo,126
759,0.5113430555555556,1440,manbo,126
760,0.4582173611111111,1440,manbo,126
761,0.44421319444444446,1440,manbo,126
762,0.0040506944444444444,1440,manbo,126
763,0.4717590277777778,1440,manbo,127
764,1.0,1440,manbo,127
765,0.9995375000000001,1440,manbo,127
766,0.9991895833333334,1440,manbo,127
767,0.9395833333333333,1440,manbo,127
768,0.5348381944444445,1440,manbo,127
769,0.00023125,1440,manbo,128
770,0.4494215277777778,1440,manbo,128
771,0.42060208333333327,1440,manbo,128
772,0.5412034722222222,1440,manbo,128
773,0.2245375,1440,manbo,128
774,0.4516208333333333,1440,manbo,128
775,0.9996527777777777,1440,manbo,129
776,0.88101875,1440,manbo,129
777,0.0006944444444444445,1440,manbo,129
778,0.22083333333333333,1440,manbo,129
779,0.7615736111111112,1440,manbo,129
780,0.5815972222222222,1440,manbo,129
781,0.36400486111111113,1440,manbo,130
782,0.3607638888888889,1440,manbo,130
783,0.9995374999999999,1440,manbo,130
784,0.23321736111111113,1440,manbo,130
785,0.0005784722222222222,1440,manbo,130
786,0.45914375,1440,manbo,130
787,0.6328708333333334,1440,manbo,131
788,0.7884256944444445,1440,manbo,131
789,0.6017361111111111,1440,manbo,131
790,0.870254861111111,1440,manbo,131
791,0.9993055555555556,1440,manbo,131
792,0.6375000000000001,1440,manbo,131
793,0.0008104166666666666,1440,manbo,132
794,0.30266180555555555,1440,manbo,132
795,0.9991895833333334,1440,manbo,132
796,0.9996527777777777,1440,manbo,132
797,0.9943291666666667,1440,manbo,132
798,0.59664375,1440,manbo,132
799,0.9996527777777777,1440,manbo,133
800,0.5342597222222223,1440,manbo,133
801,0.48113472222222226,1440,manbo,133
802,0.4326388888888889,1440,manbo,133
803,0.44467569444444444,1440,manbo,133
804,0.3806715277777778,1440,manbo,133
805,0.66539375,1440,manbo,134
806,0.3459493055555556,1440,manbo,134
807,0.0009263888888888889,1440,manbo,134
808,0.0006944444444444445,1440,manbo,134
809,0.4035881944444445,1440,manbo,134
810,0.9900458333333333,1440,manbo,134
811,0.6166666666666667,1440,manbo,135
812,0.8583333333333333,1440,manbo,135
813,0.34016180555555553,1440,manbo,135
814,0.9993055555555556,1440,manbo,135
815,0.5234951388888889,1440,manbo,135
816,0.960648611111111,1440,manbo,135
817,0.38680555555555557,1440,manbo,136
818,0.3579861111111111,1440,manbo,136
819,0.7287041666666667,1440,manbo,136
820,0.7381944444444445,1440,manbo,136
821,0.0006944444444444445,1440,manbo,136
822,0.6418986111111111,1440,manbo,136
823,0.7903937499999999,1440,manbo,137
824,0.0005784722222222222,1440,manbo,137
825,0.5418986111111112,1440,manbo,137
826,0.9159722222222222,1440,manbo,137
827,0.26226805555555555,1440,manbo,137
828,0.34791666666666665,1440,manbo,137
829,0.6274305555555556,1440,manbo,138
830,0.3490736111111111,1440,manbo,138
831,0.9990743055555555,1440,manbo,138
832,0.6112270833333333,1440,manbo,138
833,0.3894673611111111,1440,manbo,138
834,0.5398145833333333,1440,manbo,138
835,0.4974534722222222,1440,manbo,139
836,0.034027777777777775,1440,manbo,139
837,0.9995368055555556,1440,manbo,139
838,0.9994215277777777,1440,manbo,139
839,0.32916666666666666,1440,manbo,139
840,0.5177083333333333,1440,manbo,139
841,0.08090277777777778,1440,manbo,140
842,0.9945604166666666,1440,manbo,140
843,0.00034722222222222224,1440,manbo,140
844,0.8211805555555556,1440,manbo,140
845,0.2902777777777778,1440,manbo,140
846,0.9994215277777777,1440,manbo,140
847,0.07777777777777778,1440,manbo,141
848,0.0005784722222222222,1440,manbo,141
849,0.00034722222222222224,1440,manbo,141
850,0.00034722222222222224,1440,manbo,141
851,0.0009256944444444444,1440,manbo,141
852,0.00034722222222222224,1440,manbo,141
853,0.0011576388888888888,1440,manbo,142
854,0.00023125,1440,manbo,142
855,0.00034722222222222224,1440,manbo,142
856,0.9959493055555555,1440,manbo,142
857,0.9993055555555556,1440,manbo,142
858,0.6494215277777778,1440,manbo,142
859,0.5936340277777777,1440,manbo,143
860,0.9994215277777777,1440,manbo,143
861,0.38263888888888886,1440,manbo,143
862,0.7288194444444445,1440,manbo,143
863,0.3350694444444444,1440,manbo,143
864,0.6070604166666667,1440,manbo,143
865,0.2881944444444444,1440,manbo,144
866,0.0,1440,manbo,144
867,0.532176388888889,1440,manbo,144
868,0.00034722222222222224,1440,manbo,144
869,0.14560208333333333,1440,manbo,144
870,0.35335625000000004,1440,manbo,144
871,0.8684027777777777,1440,manbo,145
872,0.7652777777777777,1440,manbo,145
873,0.9991895833333334,1440,manbo,145
874,0.5018520833333333,1440,manbo,145
875,0.4363423611111111,1440,manbo,145
876,0.5337965277777778,1440,manbo,145
877,0.9996527777777777,1440,manbo,146
878,0.6765048611111111,1440,manbo,146
879,0.42731527777777784,1440,manbo,146
880,0.3509263888888889,1440,manbo,146
881,0.41006944444444443,1440,manbo,146
882,0.42858819444444446,1440,manbo,146
883,0.9994215277777777,1440,manbo,147
884,0.22708333333333333,1440,manbo,147
885,0.6496527777777777,1440,manbo,147
886,0.982870138888889,1440,manbo,147
887,0.04710625,1440,manbo,147
888,0.9990736111111113,1440,manbo,147
889,0.9994215277777777,1440,manbo,148
890,0.74375,1440,manbo,148
891,0.6493055555555556,1440,manbo,148
892,0.3327548611111111,1440,manbo,148
893,0.05671319444444445,1440,manbo,148
894,0.6333333333333333,1440,manbo,148
895,0.9993055555555556,1440,manbo,149
896,0.9991895833333334,1440,manbo,149
897,0.6185180555555556,1440,manbo,149
898,0.06805486111111111,1440,manbo,149
899,0.47800902777777776,1440,manbo,149
900,0.5541666666666667,1440,manbo,149
901,0.3853006944444445,1440,manbo,150
902,0.8569444444444444,1440,manbo,150
903,0.24027777777777778,1440,manbo,150
904,0.8535881944444443,1440,manbo,150
905,0.5101854166666667,1440,manbo,150
906,0.11782430555555555,1440,manbo,150
907,0.7414354166666666,1440,manbo,151
908,0.1642361111111111,1440,manbo,151
909,0.44513888888888886,1440,manbo,151
910,0.0008104166666666666,1440,manbo,151
911,0.6473381944444445,1440,manbo,151
912,0.7557875000000001,1440,manbo,151
913,0.6236111111111111,1440,manbo,152
914,0.9810187499999999,1440,manbo,152
915,0.4853006944444444,1440,manbo,152
916,0.5267361111111111,1440,manbo,152
917,0.9993055555555556,1440,manbo,152
918,0.50648125,1440,manbo,152
919,0.0009263888888888889,1440,manbo,153
920,0.00034722222222222224,1440,manbo,153
921,0.6082173611111111,1440,manbo,153
922,0.0006944444444444445,1440,manbo,153
923,0.4695604166666667,1440,manbo,153
924,0.024189583333333334,1440,manbo,153
925,0.00023125,1440,manbo,154
926,0.7717597222222222,1440,manbo,154
927,0.6445604166666666,1440,manbo,154
928,0.41689861111111115,1440,manbo,154
929,0.0005784722222222222,1440,manbo,154
930,0.5211805555555555,1440,manbo,154
931,0.5907402777777777,1440,manbo,155
932,0.99976875,1440,manbo,155
933,0.6699076388888889,1440,manbo,155
934,0.5870375,1440,manbo,155
935,0.3855326388888889,1440,manbo,155
936,0.99976875,1440,manbo,155
937,0.9991895833333334,1440,manbo,156
938,0.5057875000000001,1440,manbo,156
939,0.99976875,1440,manbo,156
940,0.9993055555555556,1440,manbo,156
941,0.2708333333333333,1440,manbo,156
942,0.6576388888888889,1440,manbo,156
943,0.39791666666666664,1440,manbo,157
944,0.5013895833333334,1440,manbo,157
945,0.0006944444444444445,1440,manbo,157
946,0.010300694444444444,1440,manbo,157
947,0.9993055555555556,1440,manbo,157
948,0.9994215277777777,1440,manbo,157
949,0.99976875,1440,manbo,158
950,0.9047458333333332,1440,manbo,158
951,0.0008104166666666666,1440,manbo,158
952,0.21122708333333334,1440,manbo,158
953,0.8107638888888888,1440,manbo,158
954,0.0006944444444444445,1440,manbo,158
955,0.5244215277777778,1440,manbo,159
956,0.8212965277777777,1440,manbo,159
957,0.0008104166666666666,1440,manbo,159
958,0.8317125,1440,manbo,159
959,0.09120416666666667,1440,manbo,159
960,0.48240694444444443,1440,manbo,159
961,0.9328708333333334,1440,manbo,160
962,0.9994215277777777,1440,manbo,160
963,0.5744208333333333,1440,manbo,160
964,0.47592569444444444,1440,manbo,160
965,0.9309027777777777,1440,manbo,160
966,0.00046319444444444446,1440,manbo,160
967,0.6604166666666667,1440,manbo,161
968,0.9994215277777777,1440,manbo,161
969,0.9990736111111113,1440,manbo,161
970,0.2170138888888889,1440,manbo,161
971,0.04386597222222222,1440,manbo,161
972,0.9570604166666666,1440,manbo,161
973,0.0008104166666666666,1440,panmao,0
974,0.23472222222222222,1440,panmao,0
975,0.9995368055555556,1440,panmao,0
976,0.9994215277777777,1440,panmao,0
977,0.9993055555555556,1440,panmao,0
978,0.5479166666666667,1440,panmao,0
979,0.34178263888888893,1440,panmao,1
980,0.24143472222222226,1440,panmao,1
981,0.21354166666666666,1440,panmao,1
982,0.9991895833333334,1440,panmao,1
983,0.49814791666666663,1440,panmao,1
984,0.8900465277777777,1440,panmao,1
985,0.99976875,1440,panmao,2
986,0.9991895833333334,1440,panmao,2
987,0.9996527777777777,1440,panmao,2
988,0.09594930555555556,1440,panmao,2
989,0.41944444444444445,1440,panmao,2
990,0.71875,1440,panmao,2
991,0.0004625,1440,panmao,3
992,0.0008104166666666666,1440,panmao,3
993,0.6339118055555555,1440,panmao,3
994,0.6059027777777778,1440,panmao,3
995,0.9993055555555556,1440,panmao,3
996,0.9993055555555556,1440,panmao,3
997,0.7483791666666668,1440,panmao,4
998,0.3236111111111111,1440,panmao,4
999,0.6258104166666667,1440,panmao,4
1000,0.36747708333333334,1440,panmao,4
1001,0.49988472222222224,1440,panmao,4
1002,0.5072916666666667,1440,panmao,4
1003,1.0,1440,panmao,5
1004,0.38506944444444446,1440,panmao,5
1005,0.11793958333333333,1440,panmao,5
1006,0.6459493055555555,1440,panmao,5
1007,0.8053243055555555,1440,panmao,5
1008,0.6681715277777778,1440,panmao,5
1009,0.9993055555555556,1440,panmao,6
1010,0.9990743055555555,1440,panmao,6
1011,0.571875,1440,panmao,6
1012,0.3775458333333333,1440,panmao,6
1013,0.5261569444444444,1440,panmao,6
1014,0.9996527777777777,1440,panmao,6
1015,1.0,1440,panmao,7
1016,0.9993055555555556,1440,panmao,7
1017,0.7311340277777778,1440,panmao,7
1018,0.6560180555555555,1440,panmao,7
1019,0.3784722222222222,1440,panmao,7
1020,0.992245138888889,1440,panmao,7
1021,0.00046319444444444446,1440,panmao,8
1022,0.9033569444444445,1440,panmao,8
1023,0.4509256944444444,1440,panmao,8
1024,0.07615694444444444,1440,panmao,8
1025,0.8379631944444443,1440,panmao,8
1026,0.45,1440,panmao,8
1027,0.0008104166666666666,1440,panmao,9
1028,0.46273125,1440,panmao,9
1029,0.9991895833333334,1440,panmao,9
1030,0.5756944444444444,1440,panmao,9
1031,0.9991902777777777,1440,panmao,9
1032,0.8677083333333333,1440,panmao,9
1033,0.6993055555555555,1440,panmao,10
1034,0.5618055555555556,1440,panmao,10
1035,0.9990736111111113,1440,panmao,10
1036,0.7398145833333334,1440,panmao,10
1037,0.0006944444444444445,1440,panmao,10
1038,0.5166666666666667,1440,panmao,10
1039,0.11967569444444444,1440,panmao,11
1040,0.9993055555555556,1440,panmao,11
1041,0.8708333333333333,1440,panmao,11
1042,0.29259305555555554,1440,panmao,11
1043,0.9993055555555556,1440,panmao,11
1044,0.19108819444444441,1440,panmao,11
1045,0.4349534722222222,1440,panmao,12
1046,0.7258104166666666,1440,panmao,12
1047,0.9379631944444444,1440,panmao,12
1048,0.07268472222222222,1440,panmao,12
1049,0.9991895833333334,1440,panmao,12
1050,0.10196736111111111,1440,panmao,12
1051,0.04120347222222222,1440,panmao,13
1052,0.6541666666666667,1440,panmao,13
1053,0.43935208333333337,1440,panmao,13
1054,0.5987270833333334,1440,panmao,13
1055,0.9991902777777777,1440,panmao,13
1056,0.9994215277777777,1440,panmao,13
1057,0.7030090277777777,1440,panmao,14
1058,0.0008104166666666666,1440,panmao,14
1059,0.48055555555555557,1440,panmao,14
1060,0.9993055555555556,1440,panmao,14
1061,0.999073611111111,1440,panmao,14
1062,0.6539354166666667,1440,panmao,14
1063,0.9996527777777777,1440,panmao,15
1064,0.5736118055555556,1440,panmao,15
1065,0.9994215277777777,1440,panmao,15
1066,0.9991895833333334,1440,panmao,15
1067,0.4215277777777778,1440,panmao,15
1068,0.5440972222222222,1440,panmao,15
1069,0.648032638888889,1440,panmao,16
1070,0.9990736111111113,1440,panmao,16
1071,0.6025465277777778,1440,panmao,16
1072,0.9731479166666668,1440,panmao,16
1073,0.9994215277777777,1440,panmao,16
1074,0.1609951388888889,1440,panmao,16
1075,0.6383104166666667,1440,panmao,17
1076,0.35,1440,panmao,17
1077,0.47939791666666665,1440,panmao,17
1078,0.6842590277777778,1440,panmao,17
1079,0.46226875,1440,panmao,17
1080,0.45324097222222226,1440,panmao,17
1081,0.4332173611111111,1440,panmao,18
1082,0.3951388888888889,1440,panmao,18
1083,0.16747708333333333,1440,panmao,18
1084,0.4320604166666666,1440,panmao,18
1085,0.5041666666666667,1440,panmao,18
1086,0.6401618055555556,1440,panmao,18
1087,0.6487270833333334,1440,panmao,19
1088,0.3542819444444445,1440,panmao,19
1089,0.20023194444444445,1440,panmao,19
1090,0.4188659722222222,1440,panmao,19
1091,0.5084493055555556,1440,panmao,19
1092,0.6026618055555555,1440,panmao,19
1093,0.4513888888888889,1440,panmao,20
1094,0.5665506944444444,1440,panmao,20
1095,0.29097222222222224,1440,panmao,20
1096,0.00034722222222222224,1440,panmao,20
1097,0.34444444444444444,1440,panmao,20
1098,0.5616895833333333,1440,panmao,20
1099,0.0005784722222222222,1440,panmao,21
1100,0.5337965277777778,1440,panmao,21
1101,0.0005784722222222222,1440,panmao,21
1102,0.5833333333333334,1440,panmao,21
1103,0.7180555555555556,1440,panmao,21
1104,0.008448611111111112,1440,panmao,21
1105,0.5354166666666667,1440,panmao,22
1106,0.6693284722222222,1440,panmao,22
1107,0.5854166666666667,1440,panmao,22
1108,0.5182875,1440,panmao,22
1109,0.38472222222222224,1440,panmao,22
1110,0.6159722222222223,1440,panmao,22
1111,0.9994215277777777,1440,panmao,23
1112,0.6262729166666667,1440,panmao,23
1113,0.8609951388888889,1440,panmao,23
1114,0.6696763888888889,1440,panmao,23
1115,0.6729166666666667,1440,panmao,23
1116,0.8015048611111111,1440,panmao,23
1117,0.2806715277777778,1440,panmao,24
1118,0.3143513888888889,1440,panmao,24
1119,0.00046319444444444446,1440,panmao,24
1120,0.4734951388888889,1440,panmao,24
1121,0.8592597222222222,1440,panmao,24
1122,0.5115743055555556,1440,panmao,24
1123,0.0006944444444444445,1440,panmao,25
1124,0.873842361111111,1440,panmao,25
1125,0.9280097222222221,1440,panmao,25
1126,0.7237270833333332,1440,panmao,25
1127,0.09907361111111111,1440,panmao,25
1128,0.00034722222222222224,1440,panmao,25
1129,0.7094909722222222,1440,panmao,26
1130,0.9990736111111113,1440,panmao,26
1131,0.2203708333333333,1440,panmao,26
1132,0.37835625,1440,panmao,26
1133,0.0004625,1440,panmao,26
1134,0.9271993055555555,1440,panmao,26
1135,0.8127319444444443,1440,panmao,27
1136,0.5671298611111111,1440,panmao,27
1137,0.0006944444444444445,1440,panmao,27
1138,0.0,1440,panmao,27
1139,0.6291666666666667,1440,panmao,27
1140,0.9804402777777779,1440,panmao,27
1141,0.49837916666666665,1440,panmao,28
1142,0.15208333333333332,1440,panmao,28
1143,1.0,1440,panmao,28
1144,0.5144673611111111,1440,panmao,28
1145,0.9005784722222223,1440,panmao,28
1146,0.4289347222222222,1440,panmao,28
1147,0.52210625,1440,panmao,29
1148,0.9993055555555556,1440,panmao,29
1149,0.9996527777777777,1440,panmao,29
1150,0.9994215277777777,1440,panmao,29
1151,0.9210652777777777,1440,panmao,29
1152,0.1917826388888889,1440,panmao,29
1153,0.9993055555555556,1440,panmao,30
1154,0.9993055555555556,1440,panmao,30
1155,0.6641208333333333,1440,panmao,30
1156,0.8549770833333332,1440,panmao,30
1157,0.625,1440,panmao,30
1158,0.54710625,1440,panmao,30
1159,0.34155069444444447,1440,panmao,31
1160,0.5428243055555556,1440,panmao,31
1161,0.4929395833333333,1440,panmao,31
1162,0.5222222222222223,1440,panmao,31
1163,0.9222222222222223,1440,panmao,31
1164,0.7137729166666668,1440,panmao,31
1165,0.00034722222222222224,1440,panmao,32
1166,0.0005784722222222222,1440,panmao,32
1167,0.08402777777777778,1440,panmao,32
1168,0.9993055555555556,1440,panmao,32
1169,0.5945604166666667,1440,panmao,32
1170,0.8015041666666666,1440,panmao,32
1171,0.4076388888888889,1440,panmao,33
1172,0.009722222222222222,1440,panmao,33
1173,0.9996527777777777,1440,panmao,33
1174,0.203125,1440,panmao,33
1175,0.99976875,1440,panmao,33
1176,0.5553243055555556,1440,panmao,33
1177,0.33796319444444445,1440,panmao,34
1178,0.2546291666666667,1440,panmao,34
1179,0.5284722222222222,1440,panmao,34
1180,0.99375,1440,panmao,34
1181,0.5673611111111111,1440,panmao,34
1182,0.2030097222222222,1440,panmao,34
1183,0.09479166666666666,1440,panmao,35
1184,0.29259305555555554,1440,panmao,35
1185,0.5780097222222222,1440,panmao,35
1186,0.9530090277777779,1440,panmao,35
1187,0.0008104166666666666,1440,panmao,35
1188,0.0005784722222222222,1440,panmao,35
1189,0.38645833333333335,1440,panmao,36
1190,0.9995368055555556,1440,panmao,36
1191,0.99976875,1440,panmao,36
1192,0.503125,1440,panmao,36
1193,0.6576388888888889,1440,panmao,36
1194,0.8872680555555557,1440,panmao,36
1195,0.00034722222222222224,1440,panmao,37
1196,0.507407638888889,1440,panmao,37
1197,0.6430555555555556,1440,panmao,37
1198,0.2717597222222222,1440,panmao,37
1199,0.4151618055555556,1440,panmao,37
1200,0.99976875,1440,panmao,37
1201,0.9993055555555556,1440,panmao,38
1202,0.99976875,1440,panmao,38
1203,0.5503472222222222,1440,panmao,38
1204,0.27847222222222223,1440,panmao,38
1205,0.6773145833333333,1440,panmao,38
1206,0.34155069444444447,1440,panmao,38
1207,0.49247708333333334,1440,panmao,39
1208,0.00046319444444444446,1440,panmao,39
1209,0.9577548611111111,1440,panmao,39
1210,0.42476875000000003,1440,panmao,39
1211,0.49895833333333334,1440,panmao,39
1212,0.49930555555555556,1440,panmao,39
1213,0.4777777777777778,1440,panmao,40
1214,0.9993055555555556,1440,panmao,40
1215,0.9994215277777777,1440,panmao,40
1216,0.08611111111111111,1440,panmao,40
1217,0.0008104166666666666,1440,panmao,40
1218,0.0006944444444444445,1440,panmao,40
1219,0.0006944444444444445,1440,panmao,41
1220,0.5956020833333333,1440,panmao,41
1221,0.6201388888888889,1440,panmao,41
1222,0.9991895833333334,1440,panmao,41
1223,0.07766180555555556,1440,panmao,41
1224,0.2777777777777778,1440,panmao,41
1225,0.5854166666666667,1440,panmao,42
1226,0.38379652777777773,1440,panmao,42
1227,0.3900458333333333,1440,panmao,42
1228,0.703125,1440,panmao,42
1229,0.9923611111111111,1440,panmao,42
1230,0.0009263888888888889,1440,panmao,42
1231,0.05717638888888889,1440,panmao,43
1232,0.5549770833333334,1440,panmao,43
1233,0.6074076388888889,1440,panmao,43
1234,0.7993055555555556,1440,panmao,43
1235,0.00046319444444444446,1440,panmao,43
1236,0.59664375,1440,panmao,43
1237,0.46851805555555553,1440,panmao,44
1238,0.8935187499999999,1440,panmao,44
1239,0.9990736111111113,1440,panmao,44
1240,0.5101847222222222,1440,panmao,44
1241,0.99976875,1440,panmao,44
1242,0.5899305555555555,1440,panmao,44
1243,0.35011597222222224,1440,panmao,45
1244,0.5666666666666667,1440,panmao,45
1245,0.36400486111111113,1440,panmao,45
1246,0.0009263888888888889,1440,panmao,45
1247,0.0008104166666666666,1440,panmao,45
1248,0.6893520833333333,1440,panmao,45
1249,0.48449097222222226,1440,panmao,46
1250,0.09166666666666666,1440,panmao,46
1251,0.39618055555555554,1440,panmao,46
1252,0.2825229166666666,1440,panmao,46
1253,0.99976875,1440,panmao,46
1254,0.12488402777777778,1440,panmao,46
1255,0.889120138888889,1440,panmao,47
1256,0.4773145833333333,1440,panmao,47
1257,0.99976875,1440,panmao,47
1258,0.9995374999999999,1440,panmao,47
1259,0.65960625,1440,panmao,47
1260,0.44467638888888894,1440,panmao,47
1261,0.7055555555555556,1440,panmao,48
1262,0.8307874999999999,1440,panmao,48
1263,0.4806715277777778,1440,panmao,48
1264,0.0008104166666666666,1440,panmao,48
1265,0.0006944444444444445,1440,panmao,48
1266,0.00023125,1440,panmao,48
1267,0.7581013888888889,1440,panmao,49
1268,0.6376159722222222,1440,panmao,49
1269,0.3452548611111111,1440,panmao,49
1270,0.0,1440,panmao,49
1271,0.8870368055555556,1440,panmao,49
1272,0.3472222222222222,1440,panmao,49
1273,0.42372708333333337,1440,panmao,50
1274,0.27870416666666664,1440,panmao,50
1275,0.5759263888888889,1440,panmao,50
1276,0.5207173611111111,1440,panmao,50
1277,0.1105326388888889,1440,panmao,50
1278,0.2561340277777778,1440,panmao,50
1279,0.9993055555555556,1440,panmao,51
1280,0.46458333333333335,1440,panmao,51
1281,0.5759256944444444,1440,panmao,51
1282,1.0,1440,panmao,51
1283,0.1673611111111111,1440,panmao,51
1284,0.2181715277777778,1440,panmao,51
1285,0.9993055555555556,1440,panmao,52
1286,0.757754861111111,1440,panmao,52
1287,0.43368055555555557,1440,panmao,52
1288,0.04837916666666667,1440,panmao,52
1289,0.617592361111111,1440,panmao,52
1290,0.2789354166666667,1440,panmao,52
1291,0.9993055555555556,1440,panmao,53
1292,0.30682847222222226,1440,panmao,53
1293,0.6136576388888889,1440,panmao,53
1294,0.9996527777777777,1440,panmao,53
1295,0.9995368055555556,1440,panmao,53
1296,0.9993055555555556,1440,panmao,53
1297,0.9995374999999999,1440,panmao,54
1298,0.4914354166666667,1440,panmao,54
1299,0.5125,1440,panmao,54
1300,0.5604166666666667,1440,panmao,54
1301,0.4482638888888889,1440,panmao,54
1302,0.024884722222222225,1440,panmao,54
1303,0.4894673611111111,1440,panmao,55
1304,0.46504583333333327,1440,panmao,55
1305,0.4587958333333333,1440,panmao,55
1306,0.3636569444444444,1440,panmao,55
1307,0.5873840277777778,1440,panmao,55
1308,0.9991895833333334,1440,panmao,55
1309,0.8126159722222221,1440,panmao,56
1310,0.0005784722222222222,1440,panmao,56
1311,0.4425923611111111,1440,panmao,56
1312,0.17222222222222222,1440,panmao,56
1313,0.6200229166666666,1440,panmao,56
1314,0.9995368055555556,1440,panmao,56
1315,0.1950236111111111,1440,panmao,57
1316,0.9994215277777777,1440,panmao,57
1317,0.4618055555555556,1440,panmao,57
1318,0.30821736111111114,1440,panmao,57
1319,0.4378472222222222,1440,panmao,57
1320,0.40347222222222223,1440,panmao,57
1321,0.05405069444444444,1440,panmao,58
1322,0.4947916666666667,1440,panmao,58
1323,0.6729166666666667,1440,panmao,58
1324,0.8291666666666667,1440,panmao,58
1325,0.9993055555555556,1440,panmao,58
1326,0.19722222222222222,1440,panmao,58
1327,0.5288194444444444,1440,panmao,59
1328,0.998726388888889,1440,panmao,59
1329,0.5148145833333333,1440,panmao,59
1330,0.0004625,1440,panmao,59
1331,0.6351854166666667,1440,panmao,59
1332,0.601967361111111,1440,panmao,59
1333,0.4630784722222222,1440,panmao,60
1334,0.99976875,1440,panmao,60
1335,0.6895833333333333,1440,panmao,60
1336,0.6094909722222223,1440,panmao,60
1337,0.8023145833333334,1440,panmao,60
1338,0.9993055555555556,1440,panmao,60
1339,0.6613423611111111,1440,panmao,61
1340,0.19444444444444445,1440,panmao,61
1341,0.585532638888889,1440,panmao,61
1342,0.9995368055555556,1440,panmao,61
1343,0.9993055555555556,1440,panmao,61
1344,0.9993055555555556,1440,panmao,61
1345,0.029166666666666667,1440,panmao,62
1346,0.5145833333333333,1440,panmao,62
1347,0.5304395833333333,1440,panmao,62
1348,0.38680555555555557,1440,panmao,62
1349,0.3724534722222222,1440,panmao,62
1350,0.19294027777777778,1440,panmao,62
1351,0.99976875,1440,panmao,63
1352,0.9995375000000001,1440,panmao,63
1353,0.17870347222222221,1440,panmao,63
1354,0.9993055555555556,1440,panmao,63
1355,0.4600694444444444,1440,panmao,63
1356,0.5401618055555555,1440,panmao,63
1357,0.33391180555555555,1440,panmao,64
1358,0.7721062500000001,1440,panmao,64
1359,0.6344902777777778,1440,panmao,64
1360,0.37650486111111103,1440,panmao,64
1361,0.925,1440,panmao,64
1362,0.41747708333333333,1440,panmao,64
1363,0.5113423611111111,1440,panmao,65
1364,0.9996527777777777,1440,panmao,65
1365,0.9996527777777777,1440,panmao,65
1366,0.06377291666666667,1440,panmao,65
1367,0.0006944444444444445,1440,panmao,65
1368,0.5337958333333332,1440,panmao,65
1369,0.0006944444444444445,1440,panmao,66
1370,0.35532430555555555,1440,panmao,66
1371,0.00023125,1440,panmao,66
1372,0.10243055555555555,1440,panmao,66
1373,0.99976875,1440,panmao,66
1374,0.6483798611111111,1440,panmao,66
1375,0.6337965277777778,1440,panmao,67
1376,0.7192131944444444,1440,panmao,67
1377,0.6061340277777778,1440,panmao,67
1378,0.2692125,1440,panmao,67
1379,0.00023125,1440,panmao,67
1380,0.9032402777777777,1440,panmao,67
1381,0.9993055555555556,1440,panmao,68
1382,0.9994215277777777,1440,panmao,68
1383,0.4542826388888889,1440,panmao,68
1384,0.9991895833333334,1440,panmao,68
1385,0.99976875,1440,panmao,68
1386,0.9991895833333334,1440,panmao,68
1387,0.24178263888888887,1440,panmao,69
1388,0.7638888888888888,1440,panmao,69
1389,0.49282361111111106,1440,panmao,69
1390,0.8458333333333333,1440,panmao,69
1391,0.0009263888888888889,1440,panmao,69
1392,0.00034722222222222224,1440,panmao,69
1393,0.9709493055555555,1440,panmao,70
1394,0.9994215277777777,1440,panmao,70
1395,0.5753472222222222,1440,panmao,70
1396,0.07083333333333333,1440,panmao,70
1397,0.8909722222222223,1440,panmao,70
1398,0.43148125,1440,panmao,70
1399,0.0010416666666666667,1440,panmao,71
1400,0.41689791666666665,1440,panmao,71
1401,0.6568284722222222,1440,panmao,71
1402,0.45509236111111107,1440,panmao,71
1403,0.28055555555555556,1440,panmao,71
1404,0.05625,1440,panmao,71
1405,0.9863423611111112,1440,panmao,72
1406,0.9995368055555556,1440,panmao,72
1407,0.9995375000000001,1440,panmao,72
1408,0.9994215277777777,1440,panmao,72
1409,0.9996527777777777,1440,panmao,72
1410,0.9991895833333334,1440,panmao,72
1411,0.9993055555555556,1440,panmao,73
1412,0.9996527777777777,1440,panmao,73
1413,0.8601847222222223,1440,panmao,73
1414,0.6271993055555556,1440,panmao,73
1415,0.0008104166666666666,1440,panmao,73
1416,0.7128472222222222,1440,panmao,73
1417,0.5333333333333333,1440,panmao,74
1418,0.5103006944444445,1440,panmao,74
1419,0.9991895833333334,1440,panmao,74
1420,0.5942131944444444,1440,panmao,74
1421,0.59664375,1440,panmao,74
1422,0.99976875,1440,panmao,74
1423,0.3450229166666666,1440,panmao,75
1424,0.6950229166666667,1440,panmao,75
1425,0.0005784722222222222,1440,panmao,75
1426,0.17939791666666666,1440,panmao,75
1427,0.9462965277777777,1440,panmao,75
1428,0.0008104166666666666,1440,panmao,75
1429,0.39733819444444446,1440,panmao,76
1430,0.20069444444444445,1440,panmao,76
1431,0.99976875,1440,panmao,76
1432,0.5333333333333333,1440,panmao,76
1433,0.44722222222222224,1440,panmao,76
1434,0.9995368055555556,1440,panmao,76
1435,0.22465277777777778,1440,panmao,77
1436,0.00046319444444444446,1440,panmao,77
1437,0.9994215277777777,1440,panmao,77
1438,0.3893520833333334,1440,panmao,77
1439,0.9994215277777777,1440,panmao,77
1440,0.9993055555555556,1440,panmao,77
1441,0.4127319444444445,1440,panmao,78
1442,0.7113430555555555,1440,panmao,78
1443,0.542129861111111,1440,panmao,78
1444,0.6306715277777777,1440,panmao,78
1445,0.6986111111111112,1440,panmao,78
1446,0.6277777777777778,1440,panmao,78
1447,0.5938659722222221,1440,panmao,79
1448,0.5285881944444444,1440,panmao,79
1449,0.39166666666666666,1440,panmao,79
1450,0.6372687499999999,1440,panmao,79
1451,0.3417826388888889,1440,panmao,79
1452,0.5203708333333333,1440,panmao,79
1453,0.9362270833333333,1440,panmao,80
1454,0.06388888888888888,1440,panmao,80
1455,0.9996527777777777,1440,panmao,80
1456,0.7101854166666667,1440,panmao,80
1457,0.0006944444444444445,1440,panmao,80
1458,0.6069444444444444,1440,panmao,80
1459,0.25763888888888886,1440,panmao,81
1460,0.0005784722222222222,1440,panmao,81
1461,0.9142361111111111,1440,panmao,81
1462,0.9996527777777777,1440,panmao,81
1463,0.999073611111111,1440,panmao,81
1464,0.58726875,1440,panmao,81
1465,0.9089118055555556,1440,panmao,82
1466,0.24965277777777778,1440,panmao,82
1467,0.29421250000000004,1440,panmao,82
1468,0.0004625,1440,panmao,82
1469,0.615625,1440,panmao,82
1470,0.3489583333333333,1440,panmao,82
1471,0.29791666666666666,1440,panmao,83
1472,0.99976875,1440,panmao,83
1473,0.4634256944444444,1440,panmao,83
1474,0.6608791666666666,1440,panmao,83
1475,0.475,1440,panmao,83
1476,0.5431715277777778,1440,panmao,83
1477,0.3057868055555556,1440,panmao,84
1478,0.4699069444444444,1440,panmao,84
1479,0.5356479166666667,1440,panmao,84
1480,0.0006944444444444445,1440,panmao,84
1481,0.07256944444444445,1440,panmao,84
1482,0.9995368055555556,1440,panmao,84
1483,0.6865736111111111,1440,panmao,85
1484,0.5347222222222222,1440,panmao,85
1485,0.00023125,1440,panmao,85
1486,0.20335694444444444,1440,panmao,85
1487,0.22615694444444448,1440,panmao,85
1488,0.0008104166666666666,1440,panmao,85
1489,0.6715277777777777,1440,panmao,86
1490,0.9995374999999999,1440,panmao,86
1491,0.1361111111111111,1440,panmao,86
1492,0.2013888888888889,1440,panmao,86
1493,0.35601875,1440,panmao,86
1494,0.0006944444444444445,1440,panmao,86
1495,0.00046319444444444446,1440,panmao,87
1496,0.9134256944444445,1440,panmao,87
1497,0.9021993055555555,1440,panmao,87
1498,0.0008104166666666666,1440,panmao,87
1499,0.4761576388888889,1440,panmao,87
1500,0.9915513888888889,1440,panmao,87
1501,0.39444444444444443,1440,panmao,88
1502,0.1629625,1440,panmao,88
1503,0.99976875,1440,panmao,88
1504,0.6079861111111111,1440,panmao,88
1505,0.9090277777777778,1440,panmao,88
1506,0.00046319444444444446,1440,panmao,88
1507,0.8805562499999999,1440,panmao,89
1508,0.440625,1440,panmao,89
1509,0.40046319444444445,1440,panmao,89
1510,0.21400486111111108,1440,panmao,89
1511,0.45289375000000004,1440,panmao,89
1512,0.34652777777777777,1440,panmao,89
1513,0.9996527777777777,1440,panmao,90
1514,0.6844909722222222,1440,panmao,90
1515,0.5548611111111111,1440,panmao,90
1516,0.6087965277777778,1440,panmao,90
1517,0.5949076388888889,1440,panmao,90
1518,0.9994215277777777,1440,panmao,90
1519,0.9993055555555556,1440,panmao,91
1520,0.9993055555555556,1440,panmao,91
1521,0.5773152777777778,1440,panmao,91
1522,0.2569444444444444,1440,panmao,91
1523,0.99976875,1440,panmao,91
1524,0.9995374999999999,1440,panmao,91
1525,0.27407430555555556,1440,panmao,92
1526,0.20833333333333334,1440,panmao,92
1527,0.9993055555555556,1440,panmao,92
1528,0.8039347222222223,1440,panmao,92
1529,0.4084493055555556,1440,panmao,92
1530,0.7561340277777778,1440,panmao,92
1531,0.9995368055555556,1440,panmao,93
1532,0.99976875,1440,panmao,93
1533,0.5516201388888888,1440,panmao,93
1534,0.9993055555555556,1440,panmao,93
1535,0.5476854166666667,1440,panmao,93
1536,0.8275458333333333,1440,panmao,93
1537,0.23310138888888893,1440,panmao,94
1538,0.4740743055555556,1440,panmao,94
1539,0.2738423611111111,1440,panmao,94
1540,0.9581020833333332,1440,panmao,94
1541,0.4634256944444444,1440,panmao,94
1542,0.01157361111111111,1440,panmao,94
1543,0.7771993055555555,1440,panmao,95
1544,0.861226388888889,1440,panmao,95
1545,0.5013888888888889,1440,panmao,95
1546,0.6109951388888889,1440,panmao,95
1547,0.21400486111111108,1440,panmao,95
1548,0.5299770833333334,1440,panmao,95
1549,0.00034722222222222224,1440,panmao,96
1550,0.55,1440,panmao,96
1551,0.3853006944444444,1440,panmao,96
1552,0.24351805555555558,1440,panmao,96
1553,0.0009263888888888889,1440,panmao,96
1554,0.42372708333333337,1440,panmao,96
1555,0.0006944444444444445,1440,panmao,97
1556,0.5923611111111111,1440,panmao,97
1557,0.4804395833333333,1440,panmao,97
1558,0.09583333333333334,1440,panmao,97
1559,0.5946756944444445,1440,panmao,97
1560,0.9994215277777777,1440,panmao,97
1561,0.5553243055555556,1440,panmao,98
1562,0.9372680555555555,1440,panmao,98
1563,0.05995416666666667,1440,panmao,98
1564,0.3334493055555556,1440,panmao,98
1565,0.2848381944444444,1440,panmao,98
1566,0.0006944444444444445,1440,panmao,98
1567,0.40775486111111114,1440,panmao,99
1568,0.6472222222222223,1440,panmao,99
1569,0.90648125,1440,panmao,99
1570,0.4681715277777778,1440,panmao,99
1571,0.5025465277777778,1440,panmao,99
1572,0.9666666666666667,1440,panmao,99
1573,0.0,1440,panmao,100
1574,0.4891208333333334,1440,panmao,100
1575,0.35578750000000003,1440,panmao,100
1576,0.23055555555555557,1440,panmao,100
1577,0.7901618055555556,1440,panmao,100
1578,0.9995374999999999,1440,panmao,100
1579,0.3633104166666667,1440,panmao,101
1580,0.2686340277777778,1440,panmao,101
1581,0.9993055555555556,1440,panmao,101
1582,0.075,1440,panmao,101
1583,0.5259256944444444,1440,panmao,101
1584,0.0005784722222222222,1440,panmao,101
1585,0.47511597222222224,1440,panmao,102
1586,0.0009263888888888889,1440,panmao,102
1587,0.5751159722222222,1440,panmao,102
1588,0.20960624999999997,1440,panmao,102
1589,0.7157402777777779,1440,panmao,102
1590,0.5894673611111111,1440,panmao,102
1591,0.7228006944444445,1440,panmao,103
1592,0.06284722222222222,1440,panmao,103
1593,0.4107638888888889,1440,panmao,103
1594,0.5412034722222222,1440,panmao,103
1595,0.6106479166666666,1440,panmao,103
1596,0.7384256944444445,1440,panmao,103
1597,0.0006944444444444445,1440,panmao,104
1598,0.1047451388888889,1440,panmao,104
1599,0.5869215277777777,1440,panmao,104
1600,0.9993055555555556,1440,panmao,104
1601,0.9993055555555556,1440,panmao,104
1602,0.9994215277777777,1440,panmao,104
1603,0.5625,1440,panmao,105
1604,0.9990743055555555,1440,panmao,105
1605,0.9756944444444444,1440,panmao,105
1606,0.00023125,1440,panmao,105
1607,0.6209493055555556,1440,panmao,105
1608,0.3358798611111111,1440,panmao,105
1609,0.99976875,1440,panmao,106
1610,0.6543986111111112,1440,panmao,106
1611,0.36666666666666664,1440,panmao,106
1612,0.9996527777777777,1440,panmao,106
1613,0.4799770833333333,1440,panmao,106
1614,0.8863430555555555,1440,panmao,106
1615,0.4973381944444445,1440,panmao,107
1616,0.35138888888888886,1440,panmao,107
1617,0.47789375,1440,panmao,107
1618,0.17268541666666667,1440,panmao,107
1619,0.3761576388888888,1440,panmao,107
1620,0.34652777777777777,1440,panmao,107
1621,0.00034722222222222224,1440,panmao,108
1622,0.48252291666666663,1440,panmao,108
1623,0.43414374999999994,1440,panmao,108
1624,0.40555555555555556,1440,panmao,108
1625,0.7396993055555555,1440,panmao,108
1626,0.6282409722222222,1440,panmao,108
1627,0.6042826388888889,1440,panmao,109
1628,0.13761597222222222,1440,panmao,109
1629,0.7805555555555556,1440,panmao,109
1630,0.0005784722222222222,1440,panmao,109
1631,0.2417826388888889,1440,panmao,109
1632,0.9991895833333334,1440,panmao,109
1633,0.9995374999999999,1440,panmao,110
1634,0.1268513888888889,1440,panmao,110
1635,0.0005784722222222222,1440,panmao,110
1636,0.3630784722222222,1440,panmao,110
1637,0.6611111111111111,1440,panmao,110
1638,0.0005784722222222222,1440,panmao,110
1639,0.7377312500000001,1440,panmao,111
1640,0.24872708333333332,1440,panmao,111
1641,0.6518513888888888,1440,panmao,111
1642,0.2611111111111111,1440,panmao,111
1643,0.6730326388888889,1440,panmao,111
1644,0.99976875,1440,panmao,111
1645,0.9230319444444446,1440,panmao,112
1646,0.40069444444444446,1440,panmao,112
1647,0.46875,1440,panmao,112
1648,0.4210645833333333,1440,panmao,112
1649,0.10590277777777778,1440,panmao,112
1650,0.6554395833333333,1440,panmao,112
1651,0.6329861111111111,1440,panmao,113
1652,0.00034722222222222224,1440,panmao,113
1653,0.7613430555555556,1440,panmao,113
1654,0.42592569444444445,1440,panmao,113
1655,0.00046319444444444446,1440,panmao,113
1656,0.3112270833333334,1440,panmao,113
1657,0.11956041666666667,1440,panmao,114
1658,0.3729166666666667,1440,panmao,114
1659,0.35625,1440,panmao,114
1660,0.20578680555555556,1440,panmao,114
1661,0.6212965277777778,1440,panmao,114
1662,0.999073611111111,1440,panmao,114
1663,0.5670138888888889,1440,panmao,115
1664,0.5454861111111111,1440,panmao,115
1665,0.00034722222222222224,1440,panmao,115
1666,0.786573611111111,1440,panmao,115
1667,0.6035881944444444,1440,panmao,115
1668,0.4922458333333334,1440,panmao,115
1669,0.0006944444444444445,1440,panmao,116
1670,0.05821805555555556,1440,panmao,116
1671,0.9995368055555556,1440,panmao,116
1672,0.8554395833333334,1440,panmao,116
1673,0.0,1440,panmao,116
1674,0.6612270833333334,1440,panmao,116
1675,0.92210625,1440,panmao,117
1676,0.22129583333333336,1440,panmao,117
1677,0.3672451388888889,1440,panmao,117
1678,0.7310180555555555,1440,panmao,117
1679,0.99976875,1440,panmao,117
1680,0.006944444444444444,1440,panmao,117
1681,0.0005784722222222222,1440,panmao,118
1682,0.5534722222222223,1440,panmao,118
1683,0.49710624999999997,1440,panmao,118
1684,0.7180555555555556,1440,panmao,118
1685,0.99976875,1440,panmao,118
1686,0.5040506944444445,1440,panmao,118
1687,0.3318284722222222,1440,panmao,119
1688,0.00046319444444444446,1440,panmao,119
1689,0.23622708333333337,1440,panmao,119
1690,0.99976875,1440,panmao,119
1691,0.9991895833333334,1440,panmao,119
1692,0.3839118055555556,1440,panmao,119
1693,1.0,1440,panmao,120
1694,0.5118055555555555,1440,panmao,120
1695,0.4488423611111111,1440,panmao,120
1696,0.010763888888888889,1440,panmao,120
1697,0.00046319444444444446,1440,panmao,120
1698,0.4642361111111111,1440,panmao,120
1699,0.32071736111111115,1440,panmao,121
1700,0.43773194444444447,1440,panmao,121
1701,0.6456020833333334,1440,panmao,121
1702,0.9989583333333333,1440,panmao,121
1703,0.6444444444444445,1440,panmao,121
1704,0.9387729166666667,1440,panmao,121
1705,0.5,1440,panmao,122
1706,0.5491895833333333,1440,panmao,122
1707,0.5930555555555556,1440,panmao,122
1708,0.7832173611111112,1440,panmao,122
1709,0.7528937499999999,1440,panmao,122
1710,0.9994215277777777,1440,panmao,122
1711,0.5979166666666667,1440,panmao,123
1712,0.9993055555555556,1440,panmao,123
1713,0.9994215277777777,1440,panmao,123
1714,0.9684027777777777,1440,panmao,123
1715,0.3704861111111111,1440,panmao,123
1716,0.49421249999999994,1440,panmao,123
1717,0.1504625,1440,panmao,124
1718,0.46342638888888893,1440,panmao,124
1719,0.6575229166666666,1440,panmao,124
1720,0.37476875000000004,1440,panmao,124
1721,0.6384256944444444,1440,panmao,124
1722,0.0008104166666666666,1440,panmao,124
1723,0.00034722222222222224,1440,panmao,125
1724,0.8489583333333334,1440,panmao,125
1725,0.4912041666666667,1440,panmao,125
1726,0.47476875,1440,panmao,125
1727,0.35659722222222223,1440,panmao,125
1728,0.6990736111111111,1440,panmao,125
1729,0.4057868055555555,1440,panmao,126
1730,0.9539347222222222,1440,panmao,126
1731,0.8504631944444444,1440,panmao,126
1732,0.00034722222222222224,1440,panmao,126
1733,0.6450229166666667,1440,panmao,126
1734,0.3547451388888889,1440,panmao,126
1735,0.9990736111111113,1440,panmao,127
1736,0.6447916666666667,1440,panmao,127
1737,0.34027777777777773,1440,panmao,127
1738,0.4201388888888889,1440,panmao,127
1739,0.99976875,1440,panmao,127
1740,0.4640048611111111,1440,panmao,127
1741,0.9112270833333332,1440,panmao,128
1742,0.06435138888888889,1440,panmao,128
1743,0.0010416666666666667,1440,panmao,128
1744,0.4613430555555556,1440,panmao,128
1745,0.19305555555555556,1440,panmao,128
1746,0.9991895833333334,1440,panmao,128
1747,0.48460624999999996,1440,panmao,129
1748,0.9616895833333334,1440,panmao,129
1749,0.4982638888888889,1440,panmao,129
1750,0.9993055555555556,1440,panmao,129
1751,0.999073611111111,1440,panmao,129
1752,0.9994215277777777,1440,panmao,129
1753,0.5943291666666666,1440,panmao,130
1754,0.16087916666666666,1440,panmao,130
1755,0.99976875,1440,panmao,130
1756,0.36736111111111114,1440,panmao,130
1757,0.03333402777777778,1440,panmao,130
1758,0.04178263888888889,1440,panmao,130
1759,0.9320604166666666,1440,panmao,131
1760,0.0004625,1440,panmao,131
1761,0.40046249999999994,1440,panmao,131
1762,0.3638888888888889,1440,panmao,131
1763,0.47430555555555554,1440,panmao,131
1764,0.9991895833333334,1440,panmao,131
1765,0.5900465277777778,1440,panmao,132
1766,0.41273125,1440,panmao,132
1767,0.9650465277777778,1440,panmao,132
1768,0.9995368055555556,1440,panmao,132
1769,0.26307847222222225,1440,panmao,132
1770,0.7606486111111112,1440,panmao,132
1771,0.9994215277777777,1440,panmao,133
1772,0.9994215277777777,1440,panmao,133
1773,0.9991895833333334,1440,panmao,133
1774,0.9993055555555556,1440,panmao,133
1775,0.12962916666666666,1440,panmao,133
1776,0.9887729166666668,1440,panmao,133
1777,0.9240743055555555,1440,panmao,134
1778,0.45243055555555556,1440,panmao,134
1779,0.0995375,1440,panmao,134
1780,0.8988430555555555,1440,panmao,134
1781,0.3759263888888889,1440,panmao,134
1782,0.0008104166666666666,1440,panmao,134
1783,0.31226805555555553,1440,panmao,135
1784,0.6422451388888889,1440,panmao,135
1785,0.5660881944444445,1440,panmao,135
1786,0.3840277777777778,1440,panmao,135
1787,0.0006944444444444445,1440,panmao,135
1788,0.5090277777777777,1440,panmao,135
1789,0.3505784722222222,1440,panmao,136
1790,0.9993055555555556,1440,panmao,136
1791,0.3902777777777778,1440,panmao,136
1792,0.5060187500000001,1440,panmao,136
1793,0.48993055555555554,1440,panmao,136
1794,0.95625,1440,panmao,136
1795,0.5511569444444444,1440,panmao,137
1796,0.6456013888888888,1440,panmao,137
1797,0.9085645833333333,1440,panmao,137
1798,0.5236111111111111,1440,panmao,137
1799,0.9711805555555556,1440,panmao,137
1800,0.9995368055555556,1440,panmao,137
1801,0.5571756944444444,1440,panmao,138
1802,0.6020833333333333,1440,panmao,138
1803,0.0006944444444444445,1440,panmao,138
1804,0.6063659722222222,1440,panmao,138
1805,0.00046319444444444446,1440,panmao,138
1806,0.0009263888888888889,1440,panmao,138
1807,0.00034722222222222224,1440,panmao,139
1808,0.5527777777777778,1440,panmao,139
1809,0.3425930555555555,1440,panmao,139
1810,0.6523145833333334,1440,panmao,139
1811,0.3603006944444444,1440,panmao,139
1812,0.7540506944444445,1440,panmao,139
1813,0.0005784722222222222,1440,panmao,140
1814,0.5356486111111112,1440,panmao,140
1815,0.9994215277777777,1440,panmao,140
1816,0.9995374999999999,1440,panmao,140
1817,0.9995368055555556,1440,panmao,140
1818,0.04710625,1440,panmao,140
1819,0.02013888888888889,1440,panmao,141
1820,0.4284722222222222,1440,panmao,141
1821,0.9991895833333334,1440,panmao,141
1822,0.7214118055555556,1440,panmao,141
1823,0.0006944444444444445,1440,panmao,141
1824,0.6840277777777778,1440,panmao,141
1825,0.9993055555555556,1440,panmao,142
1826,0.06875,1440,panmao,142
1827,0.0006944444444444445,1440,panmao,142
1828,0.8254631944444444,1440,panmao,142
1829,0.5479166666666667,1440,panmao,142
1830,0.4040506944444444,1440,panmao,142
1831,0.0004625,1440,panmao,143
1832,0.6508104166666667,1440,panmao,143
1833,0.00034722222222222224,1440,panmao,143
1834,0.7457173611111112,1440,panmao,143
1835,0.99976875,1440,panmao,143
1836,0.9996527777777777,1440,panmao,143
1837,0.9995368055555556,1440,panmao,144
1838,0.9993055555555556,1440,panmao,144
1839,0.9993055555555556,1440,panmao,144
1840,0.9991895833333334,1440,panmao,144
1841,0.1625,1440,panmao,144
1842,0.5226847222222222,1440,panmao,144
1843,0.45335624999999996,1440,panmao,145
1844,0.6611111111111111,1440,panmao,145
1845,0.870023611111111,1440,panmao,145
1846,0.2782402777777778,1440,panmao,145
1847,0.7125,1440,panmao,145
1848,0.5598381944444444,1440,panmao,145
1849,0.6479166666666667,1440,panmao,146
1850,0.9991895833333334,1440,panmao,146
1851,0.9995368055555556,1440,panmao,146
1852,0.6870375000000001,1440,panmao,146
1853,0.2520833333333333,1440,panmao,146
1854,0.9993055555555556,1440,panmao,146
1855,0.9991895833333334,1440,panmao,147
1856,0.1428236111111111,1440,panmao,147
1857,0.9197916666666667,1440,panmao,147
1858,0.9991895833333334,1440,panmao,147
1859,0.9993055555555556,1440,panmao,147
1860,0.9990736111111113,1440,panmao,147
1861,0.4527777777777778,1440,panmao,148
1862,0.2125,1440,panmao,148
1863,0.49803194444444443,1440,panmao,148
1864,0.6024305555555556,1440,panmao,148
1865,0.79710625,1440,panmao,148
1866,0.6502312499999999,1440,panmao,148
1867,0.33958333333333335,1440,panmao,149
1868,0.7487270833333333,1440,panmao,149
1869,0.7153937499999999,1440,panmao,149
1870,0.5487270833333333,1440,panmao,149
1871,0.8475694444444445,1440,panmao,149
1872,0.9991895833333334,1440,panmao,149
1873,0.9465277777777777,1440,panmao,150
1874,0.0006944444444444445,1440,panmao,150
1875,0.3780090277777778,1440,panmao,150
1876,0.22071805555555551,1440,panmao,150
1877,0.45555555555555555,1440,panmao,150
1878,0.6847222222222222,1440,panmao,150
1879,0.41631944444444446,1440,panmao,151
1880,0.5032409722222222,1440,panmao,151
1881,0.37164375,1440,panmao,151
1882,0.00034722222222222224,1440,panmao,151
1883,0.8372680555555555,1440,panmao,151
1884,0.05,1440,panmao,151
1885,0.4365736111111111,1440,panmao,152
1886,0.00034722222222222224,1440,panmao,152
1887,0.0006944444444444445,1440,panmao,152
1888,0.39398125,1440,panmao,152
1889,0.9991895833333334,1440,panmao,152
1890,0.9991902777777777,1440,panmao,152
1891,0.44560208333333334,1440,panmao,153
1892,0.5425923611111111,1440,panmao,153
1893,0.9995368055555556,1440,panmao,153
1894,0.59375,1440,panmao,153
1895,0.6587958333333332,1440,panmao,153
1896,0.0009263888888888889,1440,panmao,153
1897,0.9291666666666667,1440,panmao,154
1898,0.9993055555555556,1440,panmao,154
1899,0.8856479166666668,1440,panmao,154
1900,0.07280069444444444,1440,panmao,154
1901,0.32696736111111113,1440,panmao,154
1902,0.2380784722222222,1440,panmao,154
1903,0.9994215277777777,1440,panmao,155
1904,0.8412041666666665,1440,panmao,155
1905,0.2630784722222222,1440,panmao,155
1906,0.6621527777777778,1440,panmao,155
1907,0.9003472222222222,1440,panmao,155
1908,0.7534722222222222,1440,panmao,155
1909,0.9994215277777777,1440,panmao,156
1910,0.9513888888888888,1440,panmao,156
1911,0.00023125,1440,panmao,156
1912,0.41875,1440,panmao,156
1913,0.3715277777777778,1440,panmao,156
1914,0.4597222222222222,1440,panmao,156
1915,0.7137729166666668,1440,panmao,157
1916,0.49768472222222215,1440,panmao,157
1917,0.99976875,1440,panmao,157
1918,0.28055555555555556,1440,panmao,157
1919,0.7429395833333334,1440,panmao,157
1920,0.5418986111111112,1440,panmao,157
1921,0.4439819444444445,1440,panmao,158
1922,0.16597222222222222,1440,panmao,158
1923,0.18252361111111112,1440,panmao,158
1924,0.7611111111111111,1440,panmao,158
1925,0.4570604166666667,1440,panmao,158
1926,0.0008104166666666666,1440,panmao,158
1927,0.0005784722222222222,1440,panmao,159
1928,0.00046319444444444446,1440,panmao,159
1929,0.5311340277777777,1440,panmao,159
1930,0.8490743055555555,1440,panmao,159
1931,0.05335625,1440,panmao,159
1932,0.9994215277777777,1440,panmao,159
1933,0.4574076388888889,1440,panmao,160
1934,0.2875,1440,panmao,160
1935,0.6594909722222222,1440,panmao,160
1936,0.9995368055555556,1440,panmao,160
1937,0.23981458333333336,1440,panmao,160
1938,0.0006944444444444445,1440,panmao,160
1939,0.9989583333333333,1440,panmao,161
1940,0.9996527777777777,1440,panmao,161
1941,0.5045138888888889,1440,panmao,161
1942,0.9995368055555556,1440,panmao,161
1943,0.5491902777777778,1440,panmao,161
1944,0.0006944444444444445,1440,panmao,161
